key,label,suggested_label,rule_label,ml_confidence,reason,source_file,visual_id,instance,plist,die_id,vmin_found,num_rows,num_cols,total_fail_ratio,top_fail_ratio,bot_fail_ratio,left_fail_ratio,right_fail_ratio,center_fail_ratio,edge_fail_ratio,left_edge_fail_ratio,right_edge_fail_ratio,center_band_fail_ratio,q_tl_ratio,q_tr_ratio,q_bl_ratio,q_br_ratio,is_diagonal,isolated_fail_ratio,largest_cluster_ratio,avg_row_transitions,max_row_transitions,num_rows,num_cols,vertical_symmetry,horizontal_symmetry,vertical_gradient,horizontal_gradient,boundary_monotonicity,boundary_spread,aspect_ratio,fail_row_fraction,fail_col_fraction
D54K6E5600330_25ww23p3_shmoo_cwf_IO_chk_f2_rep.txt|NO_VID|SHMOO_X_SHMOO_E_BEGIN_SSN_CFCIO_X_X_X_X_IO_NORTH|reset_Mscn_stf200_IO_SSN_global_scan|0,floor,floor,diagonal,0.4300,low_confidence+rule_ml_disagree,C:\Scripts\shmoo_parser\test_data\test_small\D54K6E5600330_25ww23p3_shmoo_cwf_IO_chk_f2_rep.txt,,SHMOO_X_SHMOO_E_BEGIN_SSN_CFCIO_X_X_X_X_IO_NORTH,reset_Mscn_stf200_IO_SSN_global_scan,U1,Vmin Found: 0.620V,21,5,0.4095,0.2,0.64,0.6429,0.254,0.0606,0.5694,1,0.2381,0.2698,0.5,0,0.8,0.5333,1,0.0233,1,0.7619,1,21,5,0.581,0.6762,-0.44,-0.3889,1,0.4,0.2381,1,1
D55Y5V1600313_25ww24p1_shmoo_cwf_COMP_CA1TF_DDIMB.txt|NO_VID|ATPG_DDI_VMIN_K_BEGIN_STF_VCCINF_VNOM_X_COMP_IE|reset_Mscn_hvm400RPT8x_SSN_global_scan|0,speed_limit,speed_limit,speckled,0.4467,low_confidence+rule_ml_disagree,C:\Scripts\shmoo_parser\test_data\test_small\D55Y5V1600313_25ww24p1_shmoo_cwf_COMP_CA1TF_DDIMB.txt,,ATPG_DDI_VMIN_K_BEGIN_STF_VCCINF_VNOM_X_COMP_IE,reset_Mscn_hvm400RPT8x_SSN_global_scan,U3.U1,Vmin Found (High): 0.700V,23,21,0.5197,0.2063,0.8615,0.4435,0.5889,0.5385,0.5118,0.441,0.5404,0.5776,0.0917,0.3106,0.8273,0.8926,0,0.0717,0.9402,3.5217,10,23,21,0.3292,0.7764,-0.6551,0.1455,0.7692,0.0476,0.913,1,1
D55Y5V1600313_25ww25p3_shmoo_cwf_COMP_DDIMB_rep_reorder.txt|NO_VID|SHMOO_X_SHMOO_E_BEGIN_STF_VCCINF_X_X_X_X_COMP|reset_Mscn_hvm400RPT8x_SSN_global_scan|0,speed_limit,speed_limit,mixed,0.5100,low_confidence+rule_ml_disagree,C:\Scripts\shmoo_parser\test_data\test_small\D55Y5V1600313_25ww25p3_shmoo_cwf_COMP_DDIMB_rep_reorder.txt,,SHMOO_X_SHMOO_E_BEGIN_STF_VCCINF_X_X_X_X_COMP,reset_Mscn_hvm400RPT8x_SSN_global_scan,,Vmin Found: 0.670V,46,21,0.9482,0.9213,0.9752,0.9543,0.9427,0.8712,0.9772,0.972,0.9596,0.913,0.9391,0.9051,0.9696,0.9802,0,0.0022,1,1.1522,11,46,21,0.8965,0.9337,-0.0538,-0.0117,0.5833,0.619,0.4565,1,1
J615046MV_5261_chk_2_20260406201408_QAHOT.itf|D6BU385800058|SIO_BSCAN_COMP::BSCAN_X_EYEDIAGRAM_E_BEGIN_TAP_VNN_VMIN_X_MEASURE_RCOMP_P_SOC_SPARE0_DIE_B_RCOMP_CTV_left_all||0,unknown,unknown,left wall,0.5983,low_confidence+rule_ml_disagree,C:\Scripts\shmoo_parser\test_data\test_small\J615046MV_5261_chk_2_20260406201408_QAHOT.itf,D6BU385800058,SIO_BSCAN_COMP::BSCAN_X_EYEDIAGRAM_E_BEGIN_TAP_VNN_VMIN_X_MEASURE_RCOMP_P_SOC_SPARE0_DIE_B_RCOMP_CTV_left_all,,,Vmin Found: 0.000V,1,128,0.4766,0.4766,0,0.9531,0,0.4688,0.4844,0.9762,0,0.4545,0.9531,0,0,0,0,0.0328,1,2,2,1,128,1,0.0469,0.4766,-0.9531,0,0,128,1,0.4766
J615046MV_5261_chk_3_20260406202438_QAHOT.itf|D6FN374300110|SIO_BSCAN_COMP::BSCAN_X_EYEDIAGRAM_E_BEGIN_TAP_VNN_VMIN_X_MEASURE_RCOMP_N_SOC_SPARE0_DIE_D_RCOMP_CTV_left_all||0,unknown,unknown,left wall,0.6021,rule_ml_disagree,C:\Scripts\shmoo_parser\test_data\test_small\J615046MV_5261_chk_3_20260406202438_QAHOT.itf,D6FN374300110,SIO_BSCAN_COMP::BSCAN_X_EYEDIAGRAM_E_BEGIN_TAP_VNN_VMIN_X_MEASURE_RCOMP_N_SOC_SPARE0_DIE_D_RCOMP_CTV_left_all,,,Vmin Found: 0.000V,1,127,0.4961,0.4961,0,1,0,0.4923,0.5,1,0,0.4884,1,0,0,0,0,0.0317,1,1,1,1,127,1,0.0079,0.4961,-1,0,0,127,1,0.4961
J615046MV_5261_chk_3_20260406202438_QAHOT.itf|D63K3U5800077|SIO_BSCAN_COMP::BSCAN_X_EYEDIAGRAM_E_BEGIN_TAP_VNN_VMIN_X_MEASURE_RCOMP_N_SOC_SPARE0_DIE_D_RCOMP_CTV_left_all||0,unknown,unknown,left wall,0.6021,rule_ml_disagree,C:\Scripts\shmoo_parser\test_data\test_small\J615046MV_5261_chk_3_20260406202438_QAHOT.itf,D63K3U5800077,SIO_BSCAN_COMP::BSCAN_X_EYEDIAGRAM_E_BEGIN_TAP_VNN_VMIN_X_MEASURE_RCOMP_N_SOC_SPARE0_DIE_D_RCOMP_CTV_left_all,,,Vmin Found: 0.000V,1,127,0.4961,0.4961,0,1,0,0.4923,0.5,1,0,0.4884,1,0,0,0,0,0.0317,1,1,1,1,127,1,0.0079,0.4961,-1,0,0,127,1,0.4961
J609109MV_5261_chk_2_20260227025451_QAHOT_shmoo.itf|D6911LW000133|TATPG_DDRMC_VMIN_K_LTTC_STF_DDRD_VMIN_F1_COMP_IE_I2TD_7911|scn_c_ddrd_f1_lttcddrd_sEs_edt_ddrmc_tatpg_ph1_list|0,floor,floor,diagonal,0.6333,rule_ml_disagree,C:\Scripts\shmoo_parser\test_data\test_small\J609109MV_5261_chk_2_20260227025451_QAHOT_shmoo.itf,D6911LW000133,TATPG_DDRMC_VMIN_K_LTTC_STF_DDRD_VMIN_F1_COMP_IE_I2TD_7911,scn_c_ddrd_f1_lttcddrd_sEs_edt_ddrmc_tatpg_ph1_list,,Vmin Found: 0.680V,26,9,0.3162,0.0085,0.6239,0.3365,0.3,0.2,0.3659,0.3205,0.2821,0.3462,0.0192,0,0.6538,0.6,1,0.0541,0.9865,0.6154,4,26,9,0.3675,0.9402,-0.6154,-0.0365,1,0.8889,0.3462,0.4615,1
J609109MV_5261_chk_2_20260227025451_QAHOT_shmoo.itf|D6911LW000133|SIO_BSCAN_COMP::BSCAN_X_EYEDIAGRAM_E_BEGIN_TAP_VNN_VMIN_X_MEASURE_RCOMP_N_SOC_SPARE0_DIE_D_RCOMP_CTV_left_all||0,unknown,unknown,left wall,0.6433,rule_ml_disagree,C:\Scripts\shmoo_parser\test_data\test_small\J609109MV_5261_chk_2_20260227025451_QAHOT_shmoo.itf,D6911LW000133,SIO_BSCAN_COMP::BSCAN_X_EYEDIAGRAM_E_BEGIN_TAP_VNN_VMIN_X_MEASURE_RCOMP_N_SOC_SPARE0_DIE_D_RCOMP_CTV_left_all,,,Vmin Found: 0.000V,1,127,0.4882,0.4882,0,0.9841,0,0.4769,0.5,1,0,0.4651,0.9841,0,0,0,0,0.0484,0.9839,3,3,1,127,1,0.0236,0.4882,-0.9841,0,0,127,1,0.4882
J615046MV_5261_chk_2_20260406201408_QAHOT.itf|D51WH87200131|SIO_BSCAN_COMP::BSCAN_X_EYEDIAGRAM_E_BEGIN_TAP_VNN_VMIN_X_MEASURE_RCOMP_P_SOC_SPARE0_DIE_B_RCOMP_CTV_left_all||0,unknown,unknown,left wall,0.6563,rule_ml_disagree,C:\Scripts\shmoo_parser\test_data\test_small\J615046MV_5261_chk_2_20260406201408_QAHOT.itf,D51WH87200131,SIO_BSCAN_COMP::BSCAN_X_EYEDIAGRAM_E_BEGIN_TAP_VNN_VMIN_X_MEASURE_RCOMP_P_SOC_SPARE0_DIE_B_RCOMP_CTV_left_all,,,Vmin Found: 0.000V,1,128,0.5078,0.5078,0,0.9844,0.0312,0.5312,0.4844,0.9762,0,0.5455,0.9844,0.0312,0,0,0,0.0308,1,2,2,1,128,1,0.0469,0.5078,-0.9531,0,0,128,1,0.5078
J615046MV_5261_chk_1_20260406201304_QAHOT.itf|D5KY222800060|SIO_BSCAN_COMP::BSCAN_X_EYEDIAGRAM_E_BEGIN_TAP_VNN_VMIN_X_MEASURE_RCOMP_P_SOC_SPARE0_DIE_B_RCOMP_CTV_left_all||0,unknown,unknown,left wall,0.6645,rule_ml_disagree,C:\Scripts\shmoo_parser\test_data\test_small\J615046MV_5261_chk_1_20260406201304_QAHOT.itf,D5KY222800060,SIO_BSCAN_COMP::BSCAN_X_EYEDIAGRAM_E_BEGIN_TAP_VNN_VMIN_X_MEASURE_RCOMP_P_SOC_SPARE0_DIE_B_RCOMP_CTV_left_all,,,Vmin Found: 0.000V,1,128,0.5469,0.5469,0,0.9844,0.1094,0.6094,0.4844,0.9762,0,0.6591,0.9844,0.1094,0,0,0,0.0286,1,2,2,1,128,1,0.125,0.5469,-0.875,0,0,128,1,0.5469
J615046MV_5261_chk_2_20260406201408_QAHOT.itf|D6BU385800058|SIO_BSCAN_COMP::BSCAN_X_EYEDIAGRAM_E_BEGIN_TAP_VNN_VMIN_X_MEASURE_RCOMP_N_SOC_SPARE0_DIE_D_RCOMP_CTV_left_all||0,unknown,unknown,left wall,0.7294,rule_ml_disagree,C:\Scripts\shmoo_parser\test_data\test_small\J615046MV_5261_chk_2_20260406201408_QAHOT.itf,D6BU385800058,SIO_BSCAN_COMP::BSCAN_X_EYEDIAGRAM_E_BEGIN_TAP_VNN_VMIN_X_MEASURE_RCOMP_N_SOC_SPARE0_DIE_D_RCOMP_CTV_left_all,,,Vmin Found: 0.000V,1,127,0.4646,0.4646,0,0.9365,0,0.4308,0.5,1,0,0.3953,0.9365,0,0,0,0,0.0339,1,1,1,1,127,1,0.0709,0.4646,-0.9365,0,0,127,1,0.4646
J615046MV_5261_chk_1_20260406201304_QAHOT.itf|D63U4E2300008|SIO_BSCAN_COMP::BSCAN_X_EYEDIAGRAM_E_BEGIN_TAP_VNN_VMIN_X_MEASURE_RCOMP_N_SOC_SPARE0_DIE_D_RCOMP_CTV_left_all||0,unknown,unknown,left wall,0.7294,rule_ml_disagree,C:\Scripts\shmoo_parser\test_data\test_small\J615046MV_5261_chk_1_20260406201304_QAHOT.itf,D63U4E2300008,SIO_BSCAN_COMP::BSCAN_X_EYEDIAGRAM_E_BEGIN_TAP_VNN_VMIN_X_MEASURE_RCOMP_N_SOC_SPARE0_DIE_D_RCOMP_CTV_left_all,,,Vmin Found: 0.000V,1,127,0.4646,0.4646,0,0.9365,0,0.4308,0.5,1,0,0.3953,0.9365,0,0,0,0,0.0339,1,1,1,1,127,1,0.0709,0.4646,-0.9365,0,0,127,1,0.4646
J615046MV_5261_chk_1_20260406201304_QAHOT.itf|D5KY222800060|SIO_BSCAN_COMP::BSCAN_X_EYEDIAGRAM_E_BEGIN_TAP_VNN_VMIN_X_MEASURE_RCOMP_N_SOC_SPARE0_DIE_C_RCOMP_CTV_left_all||0,unknown,unknown,left wall,0.7338,rule_ml_disagree,C:\Scripts\shmoo_parser\test_data\test_small\J615046MV_5261_chk_1_20260406201304_QAHOT.itf,D5KY222800060,SIO_BSCAN_COMP::BSCAN_X_EYEDIAGRAM_E_BEGIN_TAP_VNN_VMIN_X_MEASURE_RCOMP_N_SOC_SPARE0_DIE_C_RCOMP_CTV_left_all,,,Vmin Found: 0.000V,1,127,0.5512,0.5512,0,1,0.1094,0.6,0.5,1,0,0.6512,1,0.1094,0,0,0,0.0286,1,1,1,1,127,1,0.1024,0.5512,-0.8906,0,0,127,1,0.5512
J609109MV_5261_chk_2_20260227025451_QAHOT_shmoo.itf|D6HH377700208|SIO_BSCAN_COMP::BSCAN_X_EYEDIAGRAM_E_BEGIN_TAP_VNN_VMIN_X_MEASURE_RCOMP_N_SOC_SPARE0_DIE_D_RCOMP_CTV_left_all||0,unknown,unknown,left wall,0.7546,rule_ml_disagree,C:\Scripts\shmoo_parser\test_data\test_small\J609109MV_5261_chk_2_20260227025451_QAHOT_shmoo.itf,D6HH377700208,SIO_BSCAN_COMP::BSCAN_X_EYEDIAGRAM_E_BEGIN_TAP_VNN_VMIN_X_MEASURE_RCOMP_N_SOC_SPARE0_DIE_D_RCOMP_CTV_left_all,,,Vmin Found: 0.000V,1,127,0.5118,0.5118,0,1,0.0312,0.5231,0.5,1,0,0.5349,1,0.0312,0,0,0,0.0308,1,1,1,1,127,1,0.0236,0.5118,-0.9688,0,0,127,1,0.5118
J615046MV_5261_chk_1_20260406201304_QAHOT.itf|D5KY222800060|SIO_BSCAN_COMP::BSCAN_X_EYEDIAGRAM_E_BEGIN_TAP_VNN_VMIN_X_MEASURE_RCOMP_N_SOC_SPARE0_DIE_D_RCOMP_CTV_left_all||0,unknown,unknown,left wall,0.7546,rule_ml_disagree,C:\Scripts\shmoo_parser\test_data\test_small\J615046MV_5261_chk_1_20260406201304_QAHOT.itf,D5KY222800060,SIO_BSCAN_COMP::BSCAN_X_EYEDIAGRAM_E_BEGIN_TAP_VNN_VMIN_X_MEASURE_RCOMP_N_SOC_SPARE0_DIE_D_RCOMP_CTV_left_all,,,Vmin Found: 0.000V,1,127,0.5118,0.5118,0,1,0.0312,0.5231,0.5,1,0,0.5349,1,0.0312,0,0,0,0.0308,1,1,1,1,127,1,0.0236,0.5118,-0.9688,0,0,127,1,0.5118
J615046MV_5261_chk_3_20260406202438_QAHOT.itf|D6FS873401080|SIO_BSCAN_COMP::BSCAN_X_EYEDIAGRAM_E_BEGIN_TAP_VNN_VMIN_X_MEASURE_RCOMP_N_SOC_SPARE0_DIE_C_RCOMP_CTV_left_all||0,unknown,unknown,left wall,0.7546,rule_ml_disagree,C:\Scripts\shmoo_parser\test_data\test_small\J615046MV_5261_chk_3_20260406202438_QAHOT.itf,D6FS873401080,SIO_BSCAN_COMP::BSCAN_X_EYEDIAGRAM_E_BEGIN_TAP_VNN_VMIN_X_MEASURE_RCOMP_N_SOC_SPARE0_DIE_C_RCOMP_CTV_left_all,,,Vmin Found: 0.000V,1,127,0.5118,0.5118,0,1,0.0312,0.5231,0.5,1,0,0.5349,1,0.0312,0,0,0,0.0308,1,1,1,1,127,1,0.0236,0.5118,-0.9688,0,0,127,1,0.5118
J615046MV_5261_chk_1_20260406201304_QAHOT.itf|D5FW211500015|SIO_BSCAN_COMP::BSCAN_X_EYEDIAGRAM_E_BEGIN_TAP_VNN_VMIN_X_MEASURE_RCOMP_N_SOC_SPARE0_DIE_C_RCOMP_CTV_left_all||0,unknown,unknown,left wall,0.7593,rule_ml_disagree,C:\Scripts\shmoo_parser\test_data\test_small\J615046MV_5261_chk_1_20260406201304_QAHOT.itf,D5FW211500015,SIO_BSCAN_COMP::BSCAN_X_EYEDIAGRAM_E_BEGIN_TAP_VNN_VMIN_X_MEASURE_RCOMP_N_SOC_SPARE0_DIE_C_RCOMP_CTV_left_all,,,Vmin Found: 0.000V,1,127,0.5354,0.5354,0,1,0.0781,0.5692,0.5,1,0,0.6047,1,0.0781,0,0,0,0.0294,1,1,1,1,127,1,0.0709,0.5354,-0.9219,0,0,127,1,0.5354
J615046MV_5261_chk_3_20260406202438_QAHOT.itf|D6FS873401080|SIO_BSCAN_COMP::BSCAN_X_EYEDIAGRAM_E_BEGIN_TAP_VNN_VMIN_X_MEASURE_RCOMP_P_SOC_SPARE0_DIE_B_RCOMP_CTV_left_all||0,unknown,unknown,left wall,0.7616,rule_ml_disagree,C:\Scripts\shmoo_parser\test_data\test_small\J615046MV_5261_chk_3_20260406202438_QAHOT.itf,D6FS873401080,SIO_BSCAN_COMP::BSCAN_X_EYEDIAGRAM_E_BEGIN_TAP_VNN_VMIN_X_MEASURE_RCOMP_P_SOC_SPARE0_DIE_B_RCOMP_CTV_left_all,,,Vmin Found: 0.000V,1,128,0.5312,0.5312,0,0.9844,0.0781,0.5781,0.4844,0.9762,0,0.6136,0.9844,0.0781,0,0,0,0.0588,0.9706,4,4,1,128,1,0.0938,0.5312,-0.9062,0,0,128,1,0.5312
J615046MV_5261_chk_2_20260406201408_QAHOT.itf|D51WH87200131|SIO_BSCAN_COMP::BSCAN_X_EYEDIAGRAM_E_BEGIN_TAP_VNN_VMIN_X_MEASURE_RCOMP_N_SOC_SPARE0_DIE_D_RCOMP_CTV_left_all||0,unknown,unknown,left wall,0.7760,rule_ml_disagree,C:\Scripts\shmoo_parser\test_data\test_small\J615046MV_5261_chk_2_20260406201408_QAHOT.itf,D51WH87200131,SIO_BSCAN_COMP::BSCAN_X_EYEDIAGRAM_E_BEGIN_TAP_VNN_VMIN_X_MEASURE_RCOMP_N_SOC_SPARE0_DIE_D_RCOMP_CTV_left_all,,,Vmin Found: 0.000V,1,127,0.4724,0.4724,0,0.9524,0,0.4462,0.5,1,0,0.4186,0.9524,0,0,0,0,0.0333,1,1,1,1,127,1,0.0551,0.4724,-0.9524,0,0,127,1,0.4724
J609109MV_5261_chk_2_20260227025451_QAHOT_shmoo.itf|D6HH377700208|SIO_BSCAN_COMP::BSCAN_X_EYEDIAGRAM_E_BEGIN_TAP_VNN_VMIN_X_MEASURE_RCOMP_P_SOC_SPARE0_DIE_B_RCOMP_CTV_left_all||0,unknown,unknown,left wall,0.7807,rule_ml_disagree,C:\Scripts\shmoo_parser\test_data\test_small\J609109MV_5261_chk_2_20260227025451_QAHOT_shmoo.itf,D6HH377700208,SIO_BSCAN_COMP::BSCAN_X_EYEDIAGRAM_E_BEGIN_TAP_VNN_VMIN_X_MEASURE_RCOMP_P_SOC_SPARE0_DIE_B_RCOMP_CTV_left_all,,,Vmin Found: 0.000V,1,128,0.5156,0.5156,0,0.9844,0.0469,0.5469,0.4844,0.9762,0,0.5682,0.9844,0.0469,0,0,0,0.0303,1,2,2,1,128,1,0.0625,0.5156,-0.9375,0,0,128,1,0.5156
J615046MV_5261_chk_3_20260406202438_QAHOT.itf|D6FN374300110|SIO_BSCAN_COMP::BSCAN_X_EYEDIAGRAM_E_BEGIN_TAP_VNN_VMIN_X_MEASURE_RCOMP_P_SOC_SPARE0_DIE_B_RCOMP_CTV_left_all||0,unknown,unknown,left wall,0.8043,rule_ml_disagree,C:\Scripts\shmoo_parser\test_data\test_small\J615046MV_5261_chk_3_20260406202438_QAHOT.itf,D6FN374300110,SIO_BSCAN_COMP::BSCAN_X_EYEDIAGRAM_E_BEGIN_TAP_VNN_VMIN_X_MEASURE_RCOMP_P_SOC_SPARE0_DIE_B_RCOMP_CTV_left_all,,,Vmin Found: 0.000V,1,128,0.5547,0.5547,0,0.9844,0.125,0.625,0.4844,0.9762,0,0.6818,0.9844,0.125,0,0,0,0.0282,1,2,2,1,128,1,0.1406,0.5547,-0.8594,0,0,128,1,0.5547
J609109MV_5261_chk_2_20260227025451_QAHOT_shmoo.itf|D6HH377700208|SIO_BSCAN_COMP::BSCAN_X_EYEDIAGRAM_E_BEGIN_TAP_VNN_VMIN_X_MEASURE_RCOMP_P_SOC_SPARE0_DIE_D_RCOMP_CTV_left_all||0,unknown,unknown,left wall,0.8346,rule_ml_disagree,C:\Scripts\shmoo_parser\test_data\test_small\J609109MV_5261_chk_2_20260227025451_QAHOT_shmoo.itf,D6HH377700208,SIO_BSCAN_COMP::BSCAN_X_EYEDIAGRAM_E_BEGIN_TAP_VNN_VMIN_X_MEASURE_RCOMP_P_SOC_SPARE0_DIE_D_RCOMP_CTV_left_all,,,Vmin Found: 0.000V,1,127,0.4488,0.4488,0,0.9048,0,0.4,0.5,1,0,0.3488,0.9048,0,0,0,0,0.0351,1,1,1,1,127,1,0.1024,0.4488,-0.9048,0,0,127,1,0.4488
J615046MV_5261_chk_1_20260406201304_QAHOT.itf|D5KY222800060|SIO_BSCAN_COMP::BSCAN_X_EYEDIAGRAM_E_BEGIN_TAP_VNN_VMIN_X_MEASURE_RCOMP_P_SOC_SPARE0_DIE_C_RCOMP_CTV_left_all||0,unknown,unknown,left wall,0.8346,rule_ml_disagree,C:\Scripts\shmoo_parser\test_data\test_small\J615046MV_5261_chk_1_20260406201304_QAHOT.itf,D5KY222800060,SIO_BSCAN_COMP::BSCAN_X_EYEDIAGRAM_E_BEGIN_TAP_VNN_VMIN_X_MEASURE_RCOMP_P_SOC_SPARE0_DIE_C_RCOMP_CTV_left_all,,,Vmin Found: 0.000V,1,127,0.4488,0.4488,0,0.9048,0,0.4,0.5,1,0,0.3488,0.9048,0,0,0,0,0.0351,1,1,1,1,127,1,0.1024,0.4488,-0.9048,0,0,127,1,0.4488
J615046MV_5261_chk_3_20260406202438_QAHOT.itf|D6FN374300110|SIO_BSCAN_COMP::BSCAN_X_EYEDIAGRAM_E_BEGIN_TAP_VNN_VMIN_X_MEASURE_RCOMP_P_SOC_SPARE0_DIE_C_RCOMP_CTV_left_all||0,unknown,unknown,left wall,0.8346,rule_ml_disagree,C:\Scripts\shmoo_parser\test_data\test_small\J615046MV_5261_chk_3_20260406202438_QAHOT.itf,D6FN374300110,SIO_BSCAN_COMP::BSCAN_X_EYEDIAGRAM_E_BEGIN_TAP_VNN_VMIN_X_MEASURE_RCOMP_P_SOC_SPARE0_DIE_C_RCOMP_CTV_left_all,,,Vmin Found: 0.000V,1,127,0.4488,0.4488,0,0.9048,0,0.4,0.5,1,0,0.3488,0.9048,0,0,0,0,0.0351,1,1,1,1,127,1,0.1024,0.4488,-0.9048,0,0,127,1,0.4488
J615046MV_5261_chk_3_20260406202438_QAHOT.itf|D63K3U5800077|SIO_BSCAN_COMP::BSCAN_X_EYEDIAGRAM_E_BEGIN_TAP_VNN_VMIN_X_MEASURE_RCOMP_N_SOC_SPARE0_DIE_B_RCOMP_CTV_left_all||0,unknown,unknown,left wall,0.8346,rule_ml_disagree,C:\Scripts\shmoo_parser\test_data\test_small\J615046MV_5261_chk_3_20260406202438_QAHOT.itf,D63K3U5800077,SIO_BSCAN_COMP::BSCAN_X_EYEDIAGRAM_E_BEGIN_TAP_VNN_VMIN_X_MEASURE_RCOMP_N_SOC_SPARE0_DIE_B_RCOMP_CTV_left_all,,,Vmin Found: 0.000V,1,127,0.4488,0.4488,0,0.9048,0,0.4,0.5,1,0,0.3488,0.9048,0,0,0,0,0.0351,1,1,1,1,127,1,0.1024,0.4488,-0.9048,0,0,127,1,0.4488
J615046MV_5261_chk_3_20260406202438_QAHOT.itf|D63K3U5800077|PCS_STIM_AP_HFE_OUT_Temp_Mean||0,unknown,unknown,slow_limit,0.8351,rule_ml_disagree,C:\Scripts\shmoo_parser\test_data\test_small\J615046MV_5261_chk_3_20260406202438_QAHOT.itf,D63K3U5800077,PCS_STIM_AP_HFE_OUT_Temp_Mean,,,Vmin Found: 0.000V,1,128,0.5938,0.5938,0,0.9844,0.2031,0.7031,0.4844,0.9762,0,0.7955,0.9844,0.2031,0,0,0,0.0263,1,2,2,1,128,1,0.2188,0.5938,-0.7812,0,0,128,1,0.5938
J615046MV_5261_chk_2_20260406201408_QAHOT.itf|D51WH87200131|TATPG_DKTCOREFUSA_VMIN_K_END_STF_CORE_VMIN_F1_COMP_IE_R5_PRF|scn_c_dkt_x_endcore_sEs_edt_awt_core0_3mclk_tatpg_exbypdfrftop_stf200_list|0,speed_limit,speed_limit,floor,0.8600,rule_ml_disagree,C:\Scripts\shmoo_parser\test_data\test_small\J615046MV_5261_chk_2_20260406201408_QAHOT.itf,D51WH87200131,TATPG_DKTCOREFUSA_VMIN_K_END_STF_CORE_VMIN_F1_COMP_IE_R5_PRF,scn_c_dkt_x_endcore_sEs_edt_awt_core0_3mclk_tatpg_exbypdfrftop_stf200_list,,Vmin Found: 0.510V,21,12,0.4802,0.1439,0.85,0.3333,0.627,0.4394,0.4946,0.2976,0.6667,0.4762,0,0.2879,0.7,1,0,0,1,0.5714,2,21,12,0.2937,0.7063,-0.7061,0.2937,1,0.1667,0.5714,0.7619,1
J615046MV_5261_chk_3_20260406202438_QAHOT.itf|D63K3U5800077|TATPG_DKTCOREFUSA_VMIN_K_END_STF_CORE_VMIN_F1_COMP_IE_R5_PRF|scn_c_dkt_x_endcore_sEs_edt_awt_core0_3mclk_tatpg_exbypdfrftop_stf200_list|0,speed_limit,speed_limit,floor,0.8933,rule_ml_disagree,C:\Scripts\shmoo_parser\test_data\test_small\J615046MV_5261_chk_3_20260406202438_QAHOT.itf,D63K3U5800077,TATPG_DKTCOREFUSA_VMIN_K_END_STF_CORE_VMIN_F1_COMP_IE_R5_PRF,scn_c_dkt_x_endcore_sEs_edt_awt_core0_3mclk_tatpg_exbypdfrftop_stf200_list,,Vmin Found: 0.520V,21,12,0.5714,0.2879,0.8833,0.373,0.7698,0.6212,0.5538,0.3095,0.8452,0.5595,0.0152,0.5606,0.7667,1,0,0.0069,1,0.7143,1,21,12,0.4048,0.6032,-0.5955,0.3968,1,0,0.5714,0.9524,1
J615046MV_5261_chk_2_20260406201408_QAHOT.itf|D6EY561600014|PCS_STIM_AP_HFE_OUT_Temp_Mean||0,unknown,unknown,left wall,0.9073,rule_ml_disagree,C:\Scripts\shmoo_parser\test_data\test_small\J615046MV_5261_chk_2_20260406201408_QAHOT.itf,D6EY561600014,PCS_STIM_AP_HFE_OUT_Temp_Mean,,,Vmin Found: 0.000V,1,128,0.5156,0.5156,0,0.9844,0.0469,0.5469,0.4844,0.9762,0,0.5682,0.9844,0.0469,0,0,0,0.0455,0.9848,4,4,1,128,1,0.0625,0.5156,-0.9375,0,0,128,1,0.5156
J615046MV_5261_chk_3_20260406202438_QAHOT.itf|D6FN374300110|TATPG_DKTCOREFUSA_VMIN_K_END_STF_CORE_VMIN_F1_COMP_IE_R5_PRF|scn_c_dkt_x_endcore_sEs_edt_awt_core0_3mclk_tatpg_exbypdfrftop_stf200_list|0,speed_limit,speed_limit,floor,0.9167,rule_ml_disagree,C:\Scripts\shmoo_parser\test_data\test_small\J615046MV_5261_chk_3_20260406202438_QAHOT.itf,D6FN374300110,TATPG_DKTCOREFUSA_VMIN_K_END_STF_CORE_VMIN_F1_COMP_IE_R5_PRF,scn_c_dkt_x_endcore_sEs_edt_awt_core0_3mclk_tatpg_exbypdfrftop_stf200_list,,Vmin Found: 0.520V,21,12,0.5437,0.2348,0.8833,0.3651,0.7222,0.5455,0.543,0.3214,0.7857,0.5238,0,0.4697,0.7667,1,0,0,1,0.619,2,21,12,0.3571,0.6429,-0.6485,0.3571,1,0.1667,0.5714,0.8571,1
J615046MV_5261_chk_2_20260406201408_QAHOT.itf|D51WH87200131|TATPG_DKTCOREFUSA_VMIN_K_CHKCOREF1_STF_CORE_VMIN_F1_COMP_IE_PRF|scn_c_dkt_f1_chkcore_sEs_edt_awt_core0_3mclk_tatpg_exbypdfrftop_list|0,speed_limit,speed_limit,floor,0.9233,rule_ml_disagree,C:\Scripts\shmoo_parser\test_data\test_small\J615046MV_5261_chk_2_20260406201408_QAHOT.itf,D51WH87200131,TATPG_DKTCOREFUSA_VMIN_K_CHKCOREF1_STF_CORE_VMIN_F1_COMP_IE_PRF,scn_c_dkt_f1_chkcore_sEs_edt_awt_core0_3mclk_tatpg_exbypdfrftop_list,,Vmin Found: 0.520V,21,9,0.5344,0.1717,0.9333,0.4048,0.6381,0.5636,0.5224,0.381,0.6825,0.5397,0,0.3091,0.85,1,0,0.0099,1,0.4286,1,21,9,0.2381,0.7778,-0.7616,0.2333,1,0,0.4286,0.7619,1
J609109MV_5261_chk_2_20260227025451_QAHOT_shmoo.itf|D6HH377700208|SIO_BSCAN_COMP::BSCAN_X_EYEDIAGRAM_E_BEGIN_TAP_VNN_VMIN_X_MEASURE_RCOMP_N_SOC_SPARE0_DIE_C_RCOMP_CTV_left_all||0,unknown,unknown,left wall,0.9234,rule_ml_disagree,C:\Scripts\shmoo_parser\test_data\test_small\J609109MV_5261_chk_2_20260227025451_QAHOT_shmoo.itf,D6HH377700208,SIO_BSCAN_COMP::BSCAN_X_EYEDIAGRAM_E_BEGIN_TAP_VNN_VMIN_X_MEASURE_RCOMP_N_SOC_SPARE0_DIE_C_RCOMP_CTV_left_all,,,Vmin Found: 0.000V,1,127,0.5669,0.5669,0,1,0.1406,0.6308,0.5,1,0,0.6977,1,0.1406,0,0,0,0.0278,1,1,1,1,127,1,0.1339,0.5669,-0.8594,0,0,127,1,0.5669
J615046MV_5261_chk_3_20260406202438_QAHOT.itf|D63K3U5800077|SIO_BSCAN_COMP::BSCAN_X_EYEDIAGRAM_E_BEGIN_TAP_VNN_VMIN_X_MEASURE_RCOMP_N_SOC_SPARE0_DIE_C_RCOMP_CTV_left_all||0,unknown,unknown,left wall,0.9254,rule_ml_disagree,C:\Scripts\shmoo_parser\test_data\test_small\J615046MV_5261_chk_3_20260406202438_QAHOT.itf,D63K3U5800077,SIO_BSCAN_COMP::BSCAN_X_EYEDIAGRAM_E_BEGIN_TAP_VNN_VMIN_X_MEASURE_RCOMP_N_SOC_SPARE0_DIE_C_RCOMP_CTV_left_all,,,Vmin Found: 0.000V,1,127,0.5748,0.5748,0,1,0.1562,0.6462,0.5,1,0,0.7209,1,0.1562,0,0,0,0.0274,1,1,1,1,127,1,0.1496,0.5748,-0.8438,0,0,127,1,0.5748
J615046MV_5261_chk_1_20260406201304_QAHOT.itf|D5KY222800060|SIO_BSCAN_COMP::BSCAN_X_EYEDIAGRAM_E_BEGIN_TAP_VNN_VMIN_X_MEASURE_RCOMP_P_SOC_SPARE0_DIE_D_RCOMP_CTV_left_all||0,unknown,unknown,left wall,0.9297,rule_ml_disagree,C:\Scripts\shmoo_parser\test_data\test_small\J615046MV_5261_chk_1_20260406201304_QAHOT.itf,D5KY222800060,SIO_BSCAN_COMP::BSCAN_X_EYEDIAGRAM_E_BEGIN_TAP_VNN_VMIN_X_MEASURE_RCOMP_P_SOC_SPARE0_DIE_D_RCOMP_CTV_left_all,,,Vmin Found: 0.000V,1,127,0.4331,0.4331,0,0.873,0,0.3692,0.5,1,0,0.3023,0.873,0,0,0,0,0.0364,1,1,1,1,127,1,0.1339,0.4331,-0.873,0,0,127,1,0.4331
J615046MV_5261_chk_1_20260406201304_QAHOT.itf|D5FW211500015|SIO_BSCAN_COMP::BSCAN_X_EYEDIAGRAM_E_BEGIN_TAP_VNN_VMIN_X_MEASURE_RCOMP_N_SOC_SPARE0_DIE_B_RCOMP_CTV_left_all||1,unknown,unknown,left wall,0.9297,rule_ml_disagree,C:\Scripts\shmoo_parser\test_data\test_small\J615046MV_5261_chk_1_20260406201304_QAHOT.itf,D5FW211500015,SIO_BSCAN_COMP::BSCAN_X_EYEDIAGRAM_E_BEGIN_TAP_VNN_VMIN_X_MEASURE_RCOMP_N_SOC_SPARE0_DIE_B_RCOMP_CTV_left_all,,,Vmin Found: 0.000V,1,127,0.4331,0.4331,0,0.873,0,0.3692,0.5,1,0,0.3023,0.873,0,0,0,0,0.0364,1,1,1,1,127,1,0.1339,0.4331,-0.873,0,0,127,1,0.4331
J609109MV_5261_chk_2_20260227025451_QAHOT_shmoo.itf|D6911LW000133|PCS_STIM_AP_HFE_OUT_Temp_Mean||0,unknown,unknown,left wall,0.9362,rule_ml_disagree,C:\Scripts\shmoo_parser\test_data\test_small\J609109MV_5261_chk_2_20260227025451_QAHOT_shmoo.itf,D6911LW000133,PCS_STIM_AP_HFE_OUT_Temp_Mean,,,Vmin Found: 0.000V,1,128,0.5547,0.5547,0,0.9844,0.125,0.625,0.4844,0.9762,0,0.6818,0.9844,0.125,0,0,0,0.0423,0.9859,4,4,1,128,1,0.1406,0.5547,-0.8594,0,0,128,1,0.5547
J615046MV_5261_chk_1_20260406201304_QAHOT.itf|D63U4E2300008|SIO_BSCAN_COMP::BSCAN_X_EYEDIAGRAM_E_BEGIN_TAP_VNN_VMIN_X_MEASURE_RCOMP_P_SOC_SPARE0_DIE_B_RCOMP_CTV_left_all||0,unknown,unknown,left wall,0.9362,rule_ml_disagree,C:\Scripts\shmoo_parser\test_data\test_small\J615046MV_5261_chk_1_20260406201304_QAHOT.itf,D63U4E2300008,SIO_BSCAN_COMP::BSCAN_X_EYEDIAGRAM_E_BEGIN_TAP_VNN_VMIN_X_MEASURE_RCOMP_P_SOC_SPARE0_DIE_B_RCOMP_CTV_left_all,,,Vmin Found: 0.000V,1,128,0.5547,0.5547,0,0.9844,0.125,0.625,0.4844,0.9762,0,0.6818,0.9844,0.125,0,0,0,0.0423,0.9859,4,4,1,128,1,0.1406,0.5547,-0.8594,0,0,128,1,0.5547
J609109MV_5261_chk_2_20260227025451_QAHOT_shmoo.itf|D6911LW000133|SIO_BSCAN_COMP::BSCAN_X_EYEDIAGRAM_E_BEGIN_TAP_VNN_VMIN_X_MEASURE_RCOMP_N_SOC_SPARE0_DIE_C_RCOMP_CTV_left_all||0,unknown,unknown,left wall,0.9457,rule_ml_disagree,C:\Scripts\shmoo_parser\test_data\test_small\J609109MV_5261_chk_2_20260227025451_QAHOT_shmoo.itf,D6911LW000133,SIO_BSCAN_COMP::BSCAN_X_EYEDIAGRAM_E_BEGIN_TAP_VNN_VMIN_X_MEASURE_RCOMP_N_SOC_SPARE0_DIE_C_RCOMP_CTV_left_all,,,Vmin Found: 0.000V,1,127,0.5276,0.5276,0,1,0.0625,0.5538,0.5,1,0,0.5814,1,0.0625,0,0,0,0.0299,1,1,1,1,127,1,0.0551,0.5276,-0.9375,0,0,127,1,0.5276
J615046MV_5261_chk_3_20260406202438_QAHOT.itf|D6FN374300110|SIO_BSCAN_COMP::BSCAN_X_EYEDIAGRAM_E_BEGIN_TAP_VNN_VMIN_X_MEASURE_RCOMP_N_SOC_SPARE0_DIE_C_RCOMP_CTV_left_all||0,unknown,unknown,left wall,0.9457,rule_ml_disagree,C:\Scripts\shmoo_parser\test_data\test_small\J615046MV_5261_chk_3_20260406202438_QAHOT.itf,D6FN374300110,SIO_BSCAN_COMP::BSCAN_X_EYEDIAGRAM_E_BEGIN_TAP_VNN_VMIN_X_MEASURE_RCOMP_N_SOC_SPARE0_DIE_C_RCOMP_CTV_left_all,,,Vmin Found: 0.000V,1,127,0.5276,0.5276,0,1,0.0625,0.5538,0.5,1,0,0.5814,1,0.0625,0,0,0,0.0299,1,1,1,1,127,1,0.0551,0.5276,-0.9375,0,0,127,1,0.5276
J615046MV_5261_chk_2_20260406201408_QAHOT.itf|D6EY561600014|SIO_BSCAN_COMP::BSCAN_X_EYEDIAGRAM_E_BEGIN_TAP_VNN_VMIN_X_MEASURE_RCOMP_N_SOC_SPARE0_DIE_C_RCOMP_CTV_left_all||0,unknown,unknown,left wall,0.9619,rule_ml_disagree,C:\Scripts\shmoo_parser\test_data\test_small\J615046MV_5261_chk_2_20260406201408_QAHOT.itf,D6EY561600014,SIO_BSCAN_COMP::BSCAN_X_EYEDIAGRAM_E_BEGIN_TAP_VNN_VMIN_X_MEASURE_RCOMP_N_SOC_SPARE0_DIE_C_RCOMP_CTV_left_all,,,Vmin Found: 0.000V,1,127,0.5197,0.5197,0,1,0.0469,0.5385,0.5,1,0,0.5581,1,0.0469,0,0,0,0.0303,1,1,1,1,127,1,0.0394,0.5197,-0.9531,0,0,127,1,0.5197
J615046MV_5261_chk_1_20260406201304_QAHOT.itf|D63U4E2300008|SIO_BSCAN_COMP::BSCAN_X_EYEDIAGRAM_E_BEGIN_TAP_VNN_VMIN_X_MEASURE_RCOMP_N_SOC_SPARE0_DIE_C_RCOMP_CTV_left_all||0,unknown,unknown,left wall,0.9675,rule_ml_disagree,C:\Scripts\shmoo_parser\test_data\test_small\J615046MV_5261_chk_1_20260406201304_QAHOT.itf,D63U4E2300008,SIO_BSCAN_COMP::BSCAN_X_EYEDIAGRAM_E_BEGIN_TAP_VNN_VMIN_X_MEASURE_RCOMP_N_SOC_SPARE0_DIE_C_RCOMP_CTV_left_all,,,Vmin Found: 0.000V,1,127,0.5197,0.5197,0,1,0.0469,0.5385,0.5,1,0,0.5581,1,0.0469,0,0,0,0.0455,0.9848,3,3,1,127,1,0.0394,0.5197,-0.9531,0,0,127,1,0.5197
J615046MV_5261_chk_3_20260406202438_QAHOT.itf|D6FN374300110|SIO_BSCAN_COMP::BSCAN_X_EYEDIAGRAM_E_BEGIN_TAP_VNN_VMIN_X_MEASURE_RCOMP_P_SOC_SPARE0_DIE_D_RCOMP_CTV_left_all||0,unknown,unknown,left wall,0.9712,rule_ml_disagree,C:\Scripts\shmoo_parser\test_data\test_small\J615046MV_5261_chk_3_20260406202438_QAHOT.itf,D6FN374300110,SIO_BSCAN_COMP::BSCAN_X_EYEDIAGRAM_E_BEGIN_TAP_VNN_VMIN_X_MEASURE_RCOMP_P_SOC_SPARE0_DIE_D_RCOMP_CTV_left_all,,,Vmin Found: 0.000V,1,127,0.4331,0.4331,0,0.873,0,0.3692,0.5,1,0,0.3023,0.873,0,0,0,0,0.0545,0.9818,3,3,1,127,1,0.1339,0.4331,-0.873,0,0,127,1,0.4331
J615046MV_5261_chk_3_20260406202438_QAHOT.itf|D6FN374300110|SIO_BSCAN_COMP::BSCAN_X_EYEDIAGRAM_E_BEGIN_TAP_VNN_VMIN_X_MEASURE_RCOMP_N_SOC_SPARE0_DIE_B_RCOMP_CTV_left_all||0,unknown,unknown,left wall,0.9712,rule_ml_disagree,C:\Scripts\shmoo_parser\test_data\test_small\J615046MV_5261_chk_3_20260406202438_QAHOT.itf,D6FN374300110,SIO_BSCAN_COMP::BSCAN_X_EYEDIAGRAM_E_BEGIN_TAP_VNN_VMIN_X_MEASURE_RCOMP_N_SOC_SPARE0_DIE_B_RCOMP_CTV_left_all,,,Vmin Found: 0.000V,1,127,0.4331,0.4331,0,0.873,0,0.3692,0.5,1,0,0.3023,0.873,0,0,0,0,0.0545,0.9818,3,3,1,127,1,0.1339,0.4331,-0.873,0,0,127,1,0.4331
J615046MV_5261_chk_3_20260406202438_QAHOT.itf|D6FS873401080|SIO_BSCAN_COMP::BSCAN_X_EYEDIAGRAM_E_BEGIN_TAP_VNN_VMIN_X_MEASURE_RCOMP_P_SOC_SPARE0_DIE_C_RCOMP_CTV_left_all||0,unknown,unknown,left wall,0.9712,rule_ml_disagree,C:\Scripts\shmoo_parser\test_data\test_small\J615046MV_5261_chk_3_20260406202438_QAHOT.itf,D6FS873401080,SIO_BSCAN_COMP::BSCAN_X_EYEDIAGRAM_E_BEGIN_TAP_VNN_VMIN_X_MEASURE_RCOMP_P_SOC_SPARE0_DIE_C_RCOMP_CTV_left_all,,,Vmin Found: 0.000V,1,127,0.4331,0.4331,0,0.873,0,0.3692,0.5,1,0,0.3023,0.873,0,0,0,0,0.0545,0.9818,3,3,1,127,1,0.1339,0.4331,-0.873,0,0,127,1,0.4331
J609109MV_5261_chk_2_20260227025451_QAHOT_shmoo.itf|D6911LW000133|TATPG_DDRMC_VMIN_K_LTTC_STF_DDRD_VMIN_F1_COMP_IE_I2TD_RATIO_SHMOO_7911|scn_c_ddrd_f1_chkddrd_sEs_edt_ddrmc_tatpg_ph1_list|0,floor,floor,mixed,0.9767,rule_ml_disagree,C:\Scripts\shmoo_parser\test_data\test_small\J609109MV_5261_chk_2_20260227025451_QAHOT_shmoo.itf,D6911LW000133,TATPG_DDRMC_VMIN_K_LTTC_STF_DDRD_VMIN_F1_COMP_IE_I2TD_RATIO_SHMOO_7911,scn_c_ddrd_f1_chkddrd_sEs_edt_ddrmc_tatpg_ph1_list,,Vmin Found: 0.710V,36,11,0.3333,0,0.6667,0.3278,0.338,0.1746,0.4074,0.3241,0.3519,0.3278,0,0,0.6556,0.6759,0,0,1,0.3056,6,36,11,0.3333,0.9798,-0.6667,0.0102,1,0,0.3056,0.3611,1
J615046MV_5261_chk_1_20260406201304_QAHOT.itf|D5FW211500015|TATPG_DKTCOREFUSA_VMIN_K_CHKCOREF1_STF_CORE_VMIN_F1_COMP_IE_PRF|scn_c_dkt_f1_chkcore_sEs_edt_awt_core0_3mclk_tatpg_exbypdfrftop_list|0,speed_limit,speed_limit,mixed,0.9767,rule_ml_disagree,C:\Scripts\shmoo_parser\test_data\test_small\J615046MV_5261_chk_1_20260406201304_QAHOT.itf,D5FW211500015,TATPG_DKTCOREFUSA_VMIN_K_CHKCOREF1_STF_CORE_VMIN_F1_COMP_IE_PRF,scn_c_dkt_f1_chkcore_sEs_edt_awt_core0_3mclk_tatpg_exbypdfrftop_list,,Vmin Found: 0.560V,21,9,0.7249,0.4747,1,0.6548,0.781,0.9455,0.6343,0.6349,0.7937,0.746,0.3409,0.5818,1,1,0,0,1,0.2381,1,21,9,0.4497,0.8836,-0.5253,0.1262,1,0,0.4286,0.8095,1
J615046MV_5261_chk_2_20260406201408_QAHOT.itf|D6EY561600014|TATPG_DKTCOREFUSA_VMIN_K_END_STF_CORE_VMIN_F1_COMP_IE_R5_PRF|scn_c_dkt_x_endcore_sEs_edt_awt_core0_3mclk_tatpg_exbypdfrftop_stf200_list|0,speed_limit,speed_limit,floor,0.9767,rule_ml_disagree,C:\Scripts\shmoo_parser\test_data\test_small\J615046MV_5261_chk_2_20260406201408_QAHOT.itf,D6EY561600014,TATPG_DKTCOREFUSA_VMIN_K_END_STF_CORE_VMIN_F1_COMP_IE_R5_PRF,scn_c_dkt_x_endcore_sEs_edt_awt_core0_3mclk_tatpg_exbypdfrftop_stf200_list,,Vmin Found: 0.520V,21,12,0.5794,0.2576,0.9333,0.4206,0.7381,0.6061,0.5699,0.381,0.8095,0.5476,0.0152,0.5,0.8667,1,0,0.0068,1,0.5714,1,21,12,0.3254,0.6825,-0.6758,0.3175,1,0,0.5714,0.9048,1
J615046MV_5261_chk_2_20260406201408_QAHOT.itf|D6BU385800058|SIO_BSCAN_COMP::BSCAN_X_EYEDIAGRAM_E_BEGIN_TAP_VNN_VMIN_X_MEASURE_RCOMP_N_SOC_SPARE0_DIE_B_RCOMP_CTV_left_all||0,unknown,unknown,left wall,0.9800,rule_ml_disagree,C:\Scripts\shmoo_parser\test_data\test_small\J615046MV_5261_chk_2_20260406201408_QAHOT.itf,D6BU385800058,SIO_BSCAN_COMP::BSCAN_X_EYEDIAGRAM_E_BEGIN_TAP_VNN_VMIN_X_MEASURE_RCOMP_N_SOC_SPARE0_DIE_B_RCOMP_CTV_left_all,,,Vmin Found: 0.000V,1,127,0.3543,0.3543,0,0.7143,0,0.2154,0.5,1,0,0.0698,0.7143,0,0,0,0,0.0444,1,1,1,1,127,1,0.2913,0.3543,-0.7143,0,0,127,1,0.3543
J615046MV_5261_chk_1_20260406201304_QAHOT.itf|D5KY222800060|TATPG_DKTCOREFUSA_VMIN_K_CHKCOREF1_STF_CORE_VMIN_F1_COMP_IE_PRF|scn_c_dkt_f1_chkcore_sEs_edt_awt_core0_3mclk_tatpg_exbypdfrftop_list|0,speed_limit,speed_limit,mixed,0.9867,rule_ml_disagree,C:\Scripts\shmoo_parser\test_data\test_small\J615046MV_5261_chk_1_20260406201304_QAHOT.itf,D5KY222800060,TATPG_DKTCOREFUSA_VMIN_K_CHKCOREF1_STF_CORE_VMIN_F1_COMP_IE_PRF,scn_c_dkt_f1_chkcore_sEs_edt_awt_core0_3mclk_tatpg_exbypdfrftop_list,,Vmin Found: 0.530V,21,9,0.672,0.3737,1,0.5833,0.7429,0.8,0.6194,0.5714,0.8095,0.6349,0.2045,0.5091,1,1,0,0,1,0.3333,1,21,9,0.3439,0.8307,-0.6263,0.1595,1,0,0.4286,0.8571,1
J615046MV_5261_chk_1_20260406201304_QAHOT.itf|D5FW211500015|TATPG_DKTCOREFUSA_VMIN_K_CHKCOREF1_STF_CORE_VMIN_F1_COMP_IE_PRF|scn_c_dkt_f1_chkcore_sEs_edt_awt_core0_3mclk_tatpg_exbypdfrftop_list|1,speed_limit,speed_limit,mixed,0.9867,rule_ml_disagree,C:\Scripts\shmoo_parser\test_data\test_small\J615046MV_5261_chk_1_20260406201304_QAHOT.itf,D5FW211500015,TATPG_DKTCOREFUSA_VMIN_K_CHKCOREF1_STF_CORE_VMIN_F1_COMP_IE_PRF,scn_c_dkt_f1_chkcore_sEs_edt_awt_core0_3mclk_tatpg_exbypdfrftop_list,,Vmin Found: 0.550V,21,9,0.6772,0.3838,1,0.5952,0.7429,0.8545,0.6045,0.5873,0.7619,0.6825,0.2273,0.5091,1,1,0,0.0078,1,0.3333,3,21,9,0.3545,0.8624,-0.6162,0.1476,1,0,0.4286,0.8095,1
J615046MV_5261_chk_2_20260406201408_QAHOT.itf|D6BU385800058|TATPG_DKTCOREFUSA_VMIN_K_END_STF_CORE_VMIN_F1_COMP_IE_R5_PRF|scn_c_dkt_x_endcore_sEs_edt_awt_core0_3mclk_tatpg_exbypdfrftop_stf200_list|0,speed_limit,speed_limit,floor,0.9867,rule_ml_disagree,C:\Scripts\shmoo_parser\test_data\test_small\J615046MV_5261_chk_2_20260406201408_QAHOT.itf,D6BU385800058,TATPG_DKTCOREFUSA_VMIN_K_END_STF_CORE_VMIN_F1_COMP_IE_R5_PRF,scn_c_dkt_x_endcore_sEs_edt_awt_core0_3mclk_tatpg_exbypdfrftop_stf200_list,,Vmin Found: 0.530V,21,12,0.5714,0.2879,0.8833,0.3889,0.754,0.6667,0.5376,0.3095,0.8095,0.5952,0.0455,0.5303,0.7667,1,0,0,1,0.7143,1,21,12,0.3968,0.6349,-0.5955,0.3651,1,0,0.5714,0.9048,1
J615046MV_5261_chk_1_20260406201304_QAHOT.itf|D63U4E2300008|SIO_BSCAN_COMP::BSCAN_X_EYEDIAGRAM_E_BEGIN_TAP_VNN_VMIN_X_MEASURE_RCOMP_P_SOC_SPARE0_DIE_D_RCOMP_CTV_left_all||0,unknown,unknown,left wall,0.9895,rule_ml_disagree,C:\Scripts\shmoo_parser\test_data\test_small\J615046MV_5261_chk_1_20260406201304_QAHOT.itf,D63U4E2300008,SIO_BSCAN_COMP::BSCAN_X_EYEDIAGRAM_E_BEGIN_TAP_VNN_VMIN_X_MEASURE_RCOMP_P_SOC_SPARE0_DIE_D_RCOMP_CTV_left_all,,,Vmin Found: 0.000V,1,127,0.4252,0.4252,0,0.8571,0,0.3538,0.5,1,0,0.2791,0.8571,0,0,0,0,0.037,1,1,1,1,127,1,0.1496,0.4252,-0.8571,0,0,127,1,0.4252
J615046MV_5261_chk_1_20260406201304_QAHOT.itf|D63U4E2300008|SIO_BSCAN_COMP::BSCAN_X_EYEDIAGRAM_E_BEGIN_TAP_VNN_VMIN_X_MEASURE_RCOMP_P_SOC_SPARE0_DIE_C_RCOMP_CTV_left_all||0,unknown,unknown,left wall,0.9895,rule_ml_disagree,C:\Scripts\shmoo_parser\test_data\test_small\J615046MV_5261_chk_1_20260406201304_QAHOT.itf,D63U4E2300008,SIO_BSCAN_COMP::BSCAN_X_EYEDIAGRAM_E_BEGIN_TAP_VNN_VMIN_X_MEASURE_RCOMP_P_SOC_SPARE0_DIE_C_RCOMP_CTV_left_all,,,Vmin Found: 0.000V,1,127,0.4252,0.4252,0,0.8571,0,0.3538,0.5,1,0,0.2791,0.8571,0,0,0,0,0.037,1,1,1,1,127,1,0.1496,0.4252,-0.8571,0,0,127,1,0.4252
J615046MV_5261_chk_1_20260406201304_QAHOT.itf|D5FW211500015|SIO_BSCAN_COMP::BSCAN_X_EYEDIAGRAM_E_BEGIN_TAP_VNN_VMIN_X_MEASURE_RCOMP_P_SOC_SPARE0_DIE_D_RCOMP_CTV_left_all||0,unknown,unknown,left wall,0.9895,rule_ml_disagree,C:\Scripts\shmoo_parser\test_data\test_small\J615046MV_5261_chk_1_20260406201304_QAHOT.itf,D5FW211500015,SIO_BSCAN_COMP::BSCAN_X_EYEDIAGRAM_E_BEGIN_TAP_VNN_VMIN_X_MEASURE_RCOMP_P_SOC_SPARE0_DIE_D_RCOMP_CTV_left_all,,,Vmin Found: 0.000V,1,127,0.4252,0.4252,0,0.8571,0,0.3538,0.5,1,0,0.2791,0.8571,0,0,0,0,0.037,1,1,1,1,127,1,0.1496,0.4252,-0.8571,0,0,127,1,0.4252
J615046MV_5261_chk_2_20260406201408_QAHOT.itf|D51WH87200131|SIO_BSCAN_COMP::BSCAN_X_EYEDIAGRAM_E_BEGIN_TAP_VNN_VMIN_X_MEASURE_RCOMP_P_SOC_SPARE0_DIE_C_RCOMP_CTV_left_all||0,unknown,unknown,left wall,0.9895,rule_ml_disagree,C:\Scripts\shmoo_parser\test_data\test_small\J615046MV_5261_chk_2_20260406201408_QAHOT.itf,D51WH87200131,SIO_BSCAN_COMP::BSCAN_X_EYEDIAGRAM_E_BEGIN_TAP_VNN_VMIN_X_MEASURE_RCOMP_P_SOC_SPARE0_DIE_C_RCOMP_CTV_left_all,,,Vmin Found: 0.000V,1,127,0.4252,0.4252,0,0.8571,0,0.3538,0.5,1,0,0.2791,0.8571,0,0,0,0,0.037,1,1,1,1,127,1,0.1496,0.4252,-0.8571,0,0,127,1,0.4252
J615046MV_5261_chk_2_20260406201408_QAHOT.itf|D6EY561600014|SIO_BSCAN_COMP::BSCAN_X_EYEDIAGRAM_E_BEGIN_TAP_VNN_VMIN_X_MEASURE_RCOMP_P_SOC_SPARE0_DIE_C_RCOMP_CTV_left_all||0,unknown,unknown,left wall,0.9895,rule_ml_disagree,C:\Scripts\shmoo_parser\test_data\test_small\J615046MV_5261_chk_2_20260406201408_QAHOT.itf,D6EY561600014,SIO_BSCAN_COMP::BSCAN_X_EYEDIAGRAM_E_BEGIN_TAP_VNN_VMIN_X_MEASURE_RCOMP_P_SOC_SPARE0_DIE_C_RCOMP_CTV_left_all,,,Vmin Found: 0.000V,1,127,0.4252,0.4252,0,0.8571,0,0.3538,0.5,1,0,0.2791,0.8571,0,0,0,0,0.037,1,1,1,1,127,1,0.1496,0.4252,-0.8571,0,0,127,1,0.4252
D55Y5V1600313_25ww25p3_shmoo_cwf_COMP_DDIMB_rep_END.txt|NO_VID|ATPG_DKTBUS_VMIN_K_LTTC_STF_CORE_VNOM_X_COMP_IE_CEILING_cs|reset_Mscn_hvm400RPT8x_SSN_global_scan|0,floor,floor,diagonal,0.9900,rule_ml_disagree,C:\Scripts\shmoo_parser\test_data\test_small\D55Y5V1600313_25ww25p3_shmoo_cwf_COMP_DDIMB_rep_END.txt,,ATPG_DKTBUS_VMIN_K_LTTC_STF_CORE_VNOM_X_COMP_IE_CEILING_cs,reset_Mscn_hvm400RPT8x_SSN_global_scan,,Vmin Found (High): 0.780V,46,21,0.5683,0.1408,0.9959,0.5739,0.5632,0.5152,0.5883,0.5776,0.5683,0.559,0.1478,0.1344,1,0.9921,1,0.0091,0.8925,0.3696,4,46,21,0.1449,0.9545,-0.8551,-0.0107,1,0.619,0.4565,0.6739,1
J615046MV_5261_chk_1_20260406201304_QAHOT.itf|D5FW211500015|TATPG_DKTCOREFUSA_VMIN_K_END_STF_CORE_VMIN_F1_COMP_IE_R5_PRF|scn_c_dkt_x_endcore_sEs_edt_awt_core0_3mclk_tatpg_exbypdfrftop_stf200_list|0,speed_limit,speed_limit,mixed,0.9900,rule_ml_disagree,C:\Scripts\shmoo_parser\test_data\test_small\J615046MV_5261_chk_1_20260406201304_QAHOT.itf,D5FW211500015,TATPG_DKTCOREFUSA_VMIN_K_END_STF_CORE_VMIN_F1_COMP_IE_R5_PRF,scn_c_dkt_x_endcore_sEs_edt_awt_core0_3mclk_tatpg_exbypdfrftop_stf200_list,,Vmin Found: 0.560V,21,12,0.7103,0.447,1,0.627,0.7937,0.9091,0.6398,0.5952,0.8095,0.7262,0.2879,0.6061,1,1,0,0.0056,1,0.381,3,21,12,0.4206,0.8333,-0.553,0.1667,1,0,0.5714,0.8571,1
J609109MV_5261_chk_2_20260227025451_QAHOT_shmoo.itf|D6HH377700208|SIO_BSCAN_COMP::BSCAN_X_EYEDIAGRAM_E_BEGIN_TAP_VNN_VMIN_X_MEASURE_RCOMP_N_SOC_SPARE0_DIE_B_RCOMP_CTV_left_all||0,unknown,unknown,left wall,0.9924,rule_ml_disagree,C:\Scripts\shmoo_parser\test_data\test_small\J609109MV_5261_chk_2_20260227025451_QAHOT_shmoo.itf,D6HH377700208,SIO_BSCAN_COMP::BSCAN_X_EYEDIAGRAM_E_BEGIN_TAP_VNN_VMIN_X_MEASURE_RCOMP_N_SOC_SPARE0_DIE_B_RCOMP_CTV_left_all,,,Vmin Found: 0.000V,1,127,0.4173,0.4173,0,0.8413,0,0.3385,0.5,1,0,0.2558,0.8413,0,0,0,0,0.0377,1,1,1,1,127,1,0.1654,0.4173,-0.8413,0,0,127,1,0.4173
J609109MV_5261_chk_2_20260227025451_QAHOT_shmoo.itf|D6911LW000133|SIO_BSCAN_COMP::BSCAN_X_EYEDIAGRAM_E_BEGIN_TAP_VNN_VMIN_X_MEASURE_RCOMP_N_SOC_SPARE0_DIE_B_RCOMP_CTV_left_all||0,unknown,unknown,left wall,0.9924,rule_ml_disagree,C:\Scripts\shmoo_parser\test_data\test_small\J609109MV_5261_chk_2_20260227025451_QAHOT_shmoo.itf,D6911LW000133,SIO_BSCAN_COMP::BSCAN_X_EYEDIAGRAM_E_BEGIN_TAP_VNN_VMIN_X_MEASURE_RCOMP_N_SOC_SPARE0_DIE_B_RCOMP_CTV_left_all,,,Vmin Found: 0.000V,1,127,0.4173,0.4173,0,0.8413,0,0.3385,0.5,1,0,0.2558,0.8413,0,0,0,0,0.0377,1,1,1,1,127,1,0.1654,0.4173,-0.8413,0,0,127,1,0.4173
J615046MV_5261_chk_1_20260406201304_QAHOT.itf|D5KY222800060|SIO_BSCAN_COMP::BSCAN_X_EYEDIAGRAM_E_BEGIN_TAP_VNN_VMIN_X_MEASURE_RCOMP_N_SOC_SPARE0_DIE_B_RCOMP_CTV_left_all||0,unknown,unknown,left wall,0.9924,rule_ml_disagree,C:\Scripts\shmoo_parser\test_data\test_small\J615046MV_5261_chk_1_20260406201304_QAHOT.itf,D5KY222800060,SIO_BSCAN_COMP::BSCAN_X_EYEDIAGRAM_E_BEGIN_TAP_VNN_VMIN_X_MEASURE_RCOMP_N_SOC_SPARE0_DIE_B_RCOMP_CTV_left_all,,,Vmin Found: 0.000V,1,127,0.4173,0.4173,0,0.8413,0,0.3385,0.5,1,0,0.2558,0.8413,0,0,0,0,0.0377,1,1,1,1,127,1,0.1654,0.4173,-0.8413,0,0,127,1,0.4173
J615046MV_5261_chk_1_20260406201304_QAHOT.itf|D63U4E2300008|SIO_BSCAN_COMP::BSCAN_X_EYEDIAGRAM_E_BEGIN_TAP_VNN_VMIN_X_MEASURE_RCOMP_N_SOC_SPARE0_DIE_B_RCOMP_CTV_left_all||0,unknown,unknown,left wall,0.9924,rule_ml_disagree,C:\Scripts\shmoo_parser\test_data\test_small\J615046MV_5261_chk_1_20260406201304_QAHOT.itf,D63U4E2300008,SIO_BSCAN_COMP::BSCAN_X_EYEDIAGRAM_E_BEGIN_TAP_VNN_VMIN_X_MEASURE_RCOMP_N_SOC_SPARE0_DIE_B_RCOMP_CTV_left_all,,,Vmin Found: 0.000V,1,127,0.4173,0.4173,0,0.8413,0,0.3385,0.5,1,0,0.2558,0.8413,0,0,0,0,0.0377,1,1,1,1,127,1,0.1654,0.4173,-0.8413,0,0,127,1,0.4173
J615046MV_5261_chk_1_20260406201304_QAHOT.itf|D5FW211500015|SIO_BSCAN_COMP::BSCAN_X_EYEDIAGRAM_E_BEGIN_TAP_VNN_VMIN_X_MEASURE_RCOMP_N_SOC_SPARE0_DIE_B_RCOMP_CTV_left_all||0,unknown,unknown,left wall,0.9924,rule_ml_disagree,C:\Scripts\shmoo_parser\test_data\test_small\J615046MV_5261_chk_1_20260406201304_QAHOT.itf,D5FW211500015,SIO_BSCAN_COMP::BSCAN_X_EYEDIAGRAM_E_BEGIN_TAP_VNN_VMIN_X_MEASURE_RCOMP_N_SOC_SPARE0_DIE_B_RCOMP_CTV_left_all,,,Vmin Found: 0.000V,1,127,0.4173,0.4173,0,0.8413,0,0.3385,0.5,1,0,0.2558,0.8413,0,0,0,0,0.0377,1,1,1,1,127,1,0.1654,0.4173,-0.8413,0,0,127,1,0.4173
J615046MV_5261_chk_2_20260406201408_QAHOT.itf|D51WH87200131|SIO_BSCAN_COMP::BSCAN_X_EYEDIAGRAM_E_BEGIN_TAP_VNN_VMIN_X_MEASURE_RCOMP_P_SOC_SPARE0_DIE_D_RCOMP_CTV_left_all||0,unknown,unknown,left wall,0.9924,rule_ml_disagree,C:\Scripts\shmoo_parser\test_data\test_small\J615046MV_5261_chk_2_20260406201408_QAHOT.itf,D51WH87200131,SIO_BSCAN_COMP::BSCAN_X_EYEDIAGRAM_E_BEGIN_TAP_VNN_VMIN_X_MEASURE_RCOMP_P_SOC_SPARE0_DIE_D_RCOMP_CTV_left_all,,,Vmin Found: 0.000V,1,127,0.4173,0.4173,0,0.8413,0,0.3385,0.5,1,0,0.2558,0.8413,0,0,0,0,0.0377,1,1,1,1,127,1,0.1654,0.4173,-0.8413,0,0,127,1,0.4173
J615046MV_5261_chk_3_20260406202438_QAHOT.itf|D6FS873401080|SIO_BSCAN_COMP::BSCAN_X_EYEDIAGRAM_E_BEGIN_TAP_VNN_VMIN_X_MEASURE_RCOMP_N_SOC_SPARE0_DIE_B_RCOMP_CTV_left_all||0,unknown,unknown,left wall,0.9924,rule_ml_disagree,C:\Scripts\shmoo_parser\test_data\test_small\J615046MV_5261_chk_3_20260406202438_QAHOT.itf,D6FS873401080,SIO_BSCAN_COMP::BSCAN_X_EYEDIAGRAM_E_BEGIN_TAP_VNN_VMIN_X_MEASURE_RCOMP_N_SOC_SPARE0_DIE_B_RCOMP_CTV_left_all,,,Vmin Found: 0.000V,1,127,0.4173,0.4173,0,0.8413,0,0.3385,0.5,1,0,0.2558,0.8413,0,0,0,0,0.0377,1,1,1,1,127,1,0.1654,0.4173,-0.8413,0,0,127,1,0.4173
J615046MV_5261_chk_1_20260406201304_QAHOT.itf|D5FW211500015|TATPG_DKTCOREFUSA_VMIN_K_END_STF_CORE_VMIN_F1_COMP_IE_R5_PRF|scn_c_dkt_x_endcore_sEs_edt_awt_core0_3mclk_tatpg_exbypdfrftop_stf200_list|1,speed_limit,speed_limit,mixed,0.9933,rule_ml_disagree,C:\Scripts\shmoo_parser\test_data\test_small\J615046MV_5261_chk_1_20260406201304_QAHOT.itf,D5FW211500015,TATPG_DKTCOREFUSA_VMIN_K_END_STF_CORE_VMIN_F1_COMP_IE_R5_PRF,scn_c_dkt_x_endcore_sEs_edt_awt_core0_3mclk_tatpg_exbypdfrftop_stf200_list,,Vmin Found: 0.550V,21,12,0.6944,0.4167,1,0.6111,0.7778,0.8333,0.6452,0.5952,0.7976,0.6905,0.2576,0.5758,1,1,0,0.0114,1,0.619,5,21,12,0.3889,0.8333,-0.5833,0.1667,1,0.0833,0.5714,0.8571,1
J609109MV_5261_chk_2_20260227025451_QAHOT_shmoo.itf|D6911LW000133|SIO_BSCAN_COMP::BSCAN_X_EYEDIAGRAM_E_BEGIN_TAP_VNN_VMIN_X_MEASURE_RCOMP_P_SOC_SPARE0_DIE_C_RCOMP_CTV_left_all||0,unknown,unknown,left wall,0.9944,rule_ml_disagree,C:\Scripts\shmoo_parser\test_data\test_small\J609109MV_5261_chk_2_20260227025451_QAHOT_shmoo.itf,D6911LW000133,SIO_BSCAN_COMP::BSCAN_X_EYEDIAGRAM_E_BEGIN_TAP_VNN_VMIN_X_MEASURE_RCOMP_P_SOC_SPARE0_DIE_C_RCOMP_CTV_left_all,,,Vmin Found: 0.000V,1,127,0.4252,0.4252,0,0.8571,0,0.3538,0.5,1,0,0.2791,0.8571,0,0,0,0,0.0556,0.9815,3,3,1,127,1,0.1496,0.4252,-0.8571,0,0,127,1,0.4252
J615046MV_5261_chk_3_20260406202438_QAHOT.itf|D6FS873401080|SIO_BSCAN_COMP::BSCAN_X_EYEDIAGRAM_E_BEGIN_TAP_VNN_VMIN_X_MEASURE_RCOMP_P_SOC_SPARE0_DIE_D_RCOMP_CTV_left_all||0,unknown,unknown,left wall,0.9944,rule_ml_disagree,C:\Scripts\shmoo_parser\test_data\test_small\J615046MV_5261_chk_3_20260406202438_QAHOT.itf,D6FS873401080,SIO_BSCAN_COMP::BSCAN_X_EYEDIAGRAM_E_BEGIN_TAP_VNN_VMIN_X_MEASURE_RCOMP_P_SOC_SPARE0_DIE_D_RCOMP_CTV_left_all,,,Vmin Found: 0.000V,1,127,0.4173,0.4173,0,0.8413,0,0.3385,0.5,1,0,0.2558,0.8413,0,0,0,0,0.0566,0.9811,3,3,1,127,1,0.1654,0.4173,-0.8413,0,0,127,1,0.4173
D5SA581700227_25ww25p3_shmoo_cwf_IE_chk_f1_rep_failing_pattern.txt|NO_VID|SHMOO_X_SHMOO_E_BEGIN_STF_CORE_X_X_X_X_COMP|scn_c_dkt_f1_chkcore_sEs_edt_noawt_core0_2mclk_tatpg_list|0,floor,floor,mixed,0.9967,rule_ml_disagree,C:\Scripts\shmoo_parser\test_data\test_small\D5SA581700227_25ww25p3_shmoo_cwf_IE_chk_f1_rep_failing_pattern.txt,,SHMOO_X_SHMOO_E_BEGIN_STF_CORE_X_X_X_X_COMP,scn_c_dkt_f1_chkcore_sEs_edt_noawt_core0_2mclk_tatpg_list,,Vmin Found: 0.650V,36,11,0.1414,0,0.2828,0.1444,0.1389,0,0.2074,0.1389,0.1389,0.1444,0,0,0.2889,0.2778,0,0,1,0.0556,2,36,11,0.7172,0.9949,-0.2828,-0.0056,1,0,0.3056,0.1667,1
J615046MV_5261_chk_2_20260406201408_QAHOT.itf|D6EY561600014|SIO_BSCAN_COMP::BSCAN_X_EYEDIAGRAM_E_BEGIN_TAP_VNN_VMIN_X_MEASURE_RCOMP_N_SOC_SPARE0_DIE_B_RCOMP_CTV_left_all||0,unknown,unknown,left wall,0.9967,rule_ml_disagree,C:\Scripts\shmoo_parser\test_data\test_small\J615046MV_5261_chk_2_20260406201408_QAHOT.itf,D6EY561600014,SIO_BSCAN_COMP::BSCAN_X_EYEDIAGRAM_E_BEGIN_TAP_VNN_VMIN_X_MEASURE_RCOMP_N_SOC_SPARE0_DIE_B_RCOMP_CTV_left_all,,,Vmin Found: 0.000V,1,127,0.3858,0.3858,0,0.7778,0,0.2769,0.5,1,0,0.1628,0.7778,0,0,0,0,0.0816,0.9388,3,3,1,127,1,0.2283,0.3858,-0.7778,0,0,127,1,0.3858
J615046MV_5261_chk_3_20260406202438_QAHOT.itf|D6FS873401080|TATPG_DKTCOREFUSA_VMIN_K_END_STF_CORE_VMIN_F1_COMP_IE_R5_PRF|scn_c_dkt_x_endcore_sEs_edt_awt_core0_3mclk_tatpg_exbypdfrftop_stf200_list|0,speed_limit,speed_limit,floor,0.9967,rule_ml_disagree,C:\Scripts\shmoo_parser\test_data\test_small\J615046MV_5261_chk_3_20260406202438_QAHOT.itf,D6FS873401080,TATPG_DKTCOREFUSA_VMIN_K_END_STF_CORE_VMIN_F1_COMP_IE_R5_PRF,scn_c_dkt_x_endcore_sEs_edt_awt_core0_3mclk_tatpg_exbypdfrftop_stf200_list,,Vmin Found: 0.530V,21,12,0.5754,0.2803,0.9,0.4048,0.746,0.6818,0.5376,0.3333,0.7976,0.5952,0.0455,0.5152,0.8,1,0,0.0069,1,0.7143,1,21,12,0.373,0.6587,-0.6197,0.3413,1,0,0.5714,0.9048,1
D55Y5V1600313_25ww24p1_shmoo_cwf_COMP_CA1TF_DDIMB_IO_3rep.txt|NO_VID|SHMOO_X_SHMOO_E_BEGIN_STF_VCCINF_X_X_X_X_COMP|reset_Mscn_stf400_SSN_global_scan|0,floor,floor,mixed,1.0000,rule_ml_disagree,C:\Scripts\shmoo_parser\test_data\test_small\D55Y5V1600313_25ww24p1_shmoo_cwf_COMP_CA1TF_DDIMB_IO_3rep.txt,,SHMOO_X_SHMOO_E_BEGIN_STF_VCCINF_X_X_X_X_COMP,reset_Mscn_stf400_SSN_global_scan,,Vmin Found: 0.670V,41,21,0.1707,0,0.35,0.1707,0.1707,0,0.2333,0.1707,0.1707,0.1707,0,0,0.35,0.35,0,0,1,0,0,41,21,0.6585,1,-0.35,0,1,0,0.5122,0.1707,1
D5SA581700227_25ww25p3_shmoo_cwf_IE_chk_f1_rep_2failing_pattern.txt|NO_VID|SHMOO_X_SHMOO_E_BEGIN_STF_CORE_X_X_X_X_COMP|scn_c_dkt_f1_chkcore_sEs_edt_noawt_core0_2mclk_tatpg_list|0,floor,floor,mixed,1.0000,rule_ml_disagree,C:\Scripts\shmoo_parser\test_data\test_small\D5SA581700227_25ww25p3_shmoo_cwf_IE_chk_f1_rep_2failing_pattern.txt,,SHMOO_X_SHMOO_E_BEGIN_STF_CORE_X_X_X_X_COMP,scn_c_dkt_f1_chkcore_sEs_edt_noawt_core0_2mclk_tatpg_list,,Vmin Found: 0.670V,36,11,0.202,0,0.404,0.2056,0.1991,0,0.2963,0.2037,0.1944,0.2056,0,0,0.4111,0.3981,0,0,1,0.1111,4,36,11,0.596,0.9848,-0.404,-0.0065,1,0,0.3056,0.2222,1
J609109MV_5261_chk_2_20260227025451_QAHOT_shmoo.itf|D6HH377700208|TATPG_DDRMC_VMIN_K_LTTC_STF_DDRD_VMIN_F1_COMP_IE_I2TD_7911|scn_c_ddrd_f1_lttcddrd_sEs_edt_ddrmc_tatpg_ph1_list|0,floor,floor,diagonal,1.0000,rule_ml_disagree,C:\Scripts\shmoo_parser\test_data\test_small\J609109MV_5261_chk_2_20260227025451_QAHOT_shmoo.itf,D6HH377700208,TATPG_DDRMC_VMIN_K_LTTC_STF_DDRD_VMIN_F1_COMP_IE_I2TD_7911,scn_c_ddrd_f1_lttcddrd_sEs_edt_ddrmc_tatpg_ph1_list,,Vmin Found: 0.730V,26,9,0.5085,0.0342,0.9829,0.5096,0.5077,0.5,0.5122,0.5256,0.4872,0.5128,0.0385,0.0308,0.9808,0.9846,1,0.0084,1,0.3462,4,26,9,0.0513,0.9573,-0.9487,-0.0019,1,0.3333,0.3462,0.5769,1
J615046MV_5261_chk_1_20260406201304_QAHOT.itf|D5KY222800060|TATPG_DKTCOREFUSA_VMIN_K_END_STF_CORE_VMIN_F1_COMP_IE_R5_PRF|scn_c_dkt_x_endcore_sEs_edt_awt_core0_3mclk_tatpg_exbypdfrftop_stf200_list|0,speed_limit,speed_limit,floor,1.0000,rule_ml_disagree,C:\Scripts\shmoo_parser\test_data\test_small\J615046MV_5261_chk_1_20260406201304_QAHOT.itf,D5KY222800060,TATPG_DKTCOREFUSA_VMIN_K_END_STF_CORE_VMIN_F1_COMP_IE_R5_PRF,scn_c_dkt_x_endcore_sEs_edt_awt_core0_3mclk_tatpg_exbypdfrftop_stf200_list,,Vmin Found: 0.520V,21,12,0.6151,0.2652,1,0.5,0.7302,0.6364,0.6075,0.5,0.7857,0.5595,0.0455,0.4848,1,1,0,0,1,0.5238,4,21,12,0.254,0.7698,-0.7348,0.2302,1,0.0833,0.5714,0.8571,1
J615046MV_5261_chk_1_20260406201304_QAHOT.itf|D63U4E2300008|TATPG_DKTCOREFUSA_VMIN_K_CHKCOREF1_STF_CORE_VMIN_F1_COMP_IE_PRF|scn_c_dkt_f1_chkcore_sEs_edt_awt_core0_3mclk_tatpg_exbypdfrftop_list|0,speed_limit,speed_limit,floor,1.0000,rule_ml_disagree,C:\Scripts\shmoo_parser\test_data\test_small\J615046MV_5261_chk_1_20260406201304_QAHOT.itf,D63U4E2300008,TATPG_DKTCOREFUSA_VMIN_K_CHKCOREF1_STF_CORE_VMIN_F1_COMP_IE_PRF,scn_c_dkt_f1_chkcore_sEs_edt_awt_core0_3mclk_tatpg_exbypdfrftop_list,,Vmin Found: 0.530V,21,9,0.6349,0.3232,0.9778,0.4881,0.7524,0.7636,0.5821,0.4603,0.8095,0.6349,0.0682,0.5273,0.95,1,0,0,1,0.4762,1,21,9,0.3333,0.7354,-0.6545,0.2643,1,0,0.4286,0.8571,1
J615046MV_5261_chk_2_20260406201408_QAHOT.itf|D51WH87200131|SIO_BSCAN_COMP::BSCAN_X_EYEDIAGRAM_E_BEGIN_TAP_VNN_VMIN_X_MEASURE_RCOMP_N_SOC_SPARE0_DIE_B_RCOMP_CTV_left_all||0,unknown,unknown,left wall,1.0000,rule_ml_disagree,C:\Scripts\shmoo_parser\test_data\test_small\J615046MV_5261_chk_2_20260406201408_QAHOT.itf,D51WH87200131,SIO_BSCAN_COMP::BSCAN_X_EYEDIAGRAM_E_BEGIN_TAP_VNN_VMIN_X_MEASURE_RCOMP_N_SOC_SPARE0_DIE_B_RCOMP_CTV_left_all,,,Vmin Found: 0.000V,1,127,0.4016,0.4016,0,0.8095,0,0.3077,0.5,1,0,0.2093,0.8095,0,0,0,0,0.0392,1,1,1,1,127,1,0.1969,0.4016,-0.8095,0,0,127,1,0.4016
J615046MV_5261_chk_2_20260406201408_QAHOT.itf|D6BU385800058|TATPG_DKTCOREFUSA_VMIN_K_CHKCOREF1_STF_CORE_VMIN_F1_COMP_IE_PRF|scn_c_dkt_f1_chkcore_sEs_edt_awt_core0_3mclk_tatpg_exbypdfrftop_list|0,speed_limit,speed_limit,mixed,1.0000,rule_ml_disagree,C:\Scripts\shmoo_parser\test_data\test_small\J615046MV_5261_chk_2_20260406201408_QAHOT.itf,D6BU385800058,TATPG_DKTCOREFUSA_VMIN_K_CHKCOREF1_STF_CORE_VMIN_F1_COMP_IE_PRF,scn_c_dkt_f1_chkcore_sEs_edt_awt_core0_3mclk_tatpg_exbypdfrftop_list,,Vmin Found: 0.540V,21,9,0.6561,0.3535,0.9889,0.5119,0.7714,0.8,0.597,0.4921,0.8254,0.6508,0.0909,0.5636,0.975,1,0,0.0081,1,0.4762,1,21,9,0.3545,0.746,-0.6354,0.2595,1,0,0.4286,0.9048,1
J615046MV_5261_chk_2_20260406201408_QAHOT.itf|D6BU385800058|SIO_BSCAN_COMP::BSCAN_X_EYEDIAGRAM_E_BEGIN_TAP_VNN_VMIN_X_MEASURE_RCOMP_P_SOC_SPARE0_DIE_D_RCOMP_CTV_left_all||0,unknown,unknown,left wall,1.0000,rule_ml_disagree,C:\Scripts\shmoo_parser\test_data\test_small\J615046MV_5261_chk_2_20260406201408_QAHOT.itf,D6BU385800058,SIO_BSCAN_COMP::BSCAN_X_EYEDIAGRAM_E_BEGIN_TAP_VNN_VMIN_X_MEASURE_RCOMP_P_SOC_SPARE0_DIE_D_RCOMP_CTV_left_all,,,Vmin Found: 0.000V,1,127,0.4016,0.4016,0,0.8095,0,0.3077,0.5,1,0,0.2093,0.8095,0,0,0,0,0.0392,1,1,1,1,127,1,0.1969,0.4016,-0.8095,0,0,127,1,0.4016
J615046MV_5261_chk_2_20260406201408_QAHOT.itf|D6BU385800058|SIO_BSCAN_COMP::BSCAN_X_EYEDIAGRAM_E_BEGIN_TAP_VNN_VMIN_X_MEASURE_RCOMP_P_SOC_SPARE0_DIE_C_RCOMP_CTV_left_all||0,unknown,unknown,left wall,1.0000,rule_ml_disagree,C:\Scripts\shmoo_parser\test_data\test_small\J615046MV_5261_chk_2_20260406201408_QAHOT.itf,D6BU385800058,SIO_BSCAN_COMP::BSCAN_X_EYEDIAGRAM_E_BEGIN_TAP_VNN_VMIN_X_MEASURE_RCOMP_P_SOC_SPARE0_DIE_C_RCOMP_CTV_left_all,,,Vmin Found: 0.000V,1,127,0.3937,0.3937,0,0.7937,0,0.2923,0.5,1,0,0.186,0.7937,0,0,0,0,0.04,1,1,1,1,127,1,0.2126,0.3937,-0.7937,0,0,127,1,0.3937
J615046MV_5261_chk_2_20260406201408_QAHOT.itf|D6EY561600014|TATPG_DKTCOREFUSA_VMIN_K_CHKCOREF1_STF_CORE_VMIN_F1_COMP_IE_PRF|scn_c_dkt_f1_chkcore_sEs_edt_awt_core0_3mclk_tatpg_exbypdfrftop_list|0,speed_limit,speed_limit,floor,1.0000,rule_ml_disagree,C:\Scripts\shmoo_parser\test_data\test_small\J615046MV_5261_chk_2_20260406201408_QAHOT.itf,D6EY561600014,TATPG_DKTCOREFUSA_VMIN_K_CHKCOREF1_STF_CORE_VMIN_F1_COMP_IE_PRF,scn_c_dkt_f1_chkcore_sEs_edt_awt_core0_3mclk_tatpg_exbypdfrftop_list,,Vmin Found: 0.530V,21,9,0.6243,0.3131,0.9667,0.4762,0.7429,0.7455,0.5746,0.4444,0.8095,0.619,0.0682,0.5091,0.925,1,0,0,1,0.4762,1,21,9,0.3333,0.7354,-0.6535,0.2667,1,0,0.4286,0.8571,1
J615046MV_5261_chk_3_20260406202438_QAHOT.itf|D6FS873401080|TATPG_DKTCOREFUSA_VMIN_K_CHKCOREF1_STF_CORE_VMIN_F1_COMP_IE_PRF|scn_c_dkt_f1_chkcore_sEs_edt_awt_core0_3mclk_tatpg_exbypdfrftop_list|0,speed_limit,speed_limit,mixed,1.0000,rule_ml_disagree,C:\Scripts\shmoo_parser\test_data\test_small\J615046MV_5261_chk_3_20260406202438_QAHOT.itf,D6FS873401080,TATPG_DKTCOREFUSA_VMIN_K_CHKCOREF1_STF_CORE_VMIN_F1_COMP_IE_PRF,scn_c_dkt_f1_chkcore_sEs_edt_awt_core0_3mclk_tatpg_exbypdfrftop_list,,Vmin Found: 0.540V,21,9,0.6667,0.3737,0.9889,0.5238,0.781,0.8182,0.6045,0.4921,0.8413,0.6667,0.1136,0.5818,0.975,1,0,0,1,0.4762,1,21,9,0.3757,0.746,-0.6152,0.2571,1,0,0.4286,0.9048,1
J615046MV_5261_chk_3_20260406202438_QAHOT.itf|D6FN374300110|TATPG_DKTCOREFUSA_VMIN_K_CHKCOREF1_STF_CORE_VMIN_F1_COMP_IE_PRF|scn_c_dkt_f1_chkcore_sEs_edt_awt_core0_3mclk_tatpg_exbypdfrftop_list|0,speed_limit,speed_limit,floor,1.0000,rule_ml_disagree,C:\Scripts\shmoo_parser\test_data\test_small\J615046MV_5261_chk_3_20260406202438_QAHOT.itf,D6FN374300110,TATPG_DKTCOREFUSA_VMIN_K_CHKCOREF1_STF_CORE_VMIN_F1_COMP_IE_PRF,scn_c_dkt_f1_chkcore_sEs_edt_awt_core0_3mclk_tatpg_exbypdfrftop_list,,Vmin Found: 0.530V,21,9,0.619,0.2929,0.9778,0.4881,0.7238,0.7273,0.5746,0.4603,0.7778,0.619,0.0682,0.4727,0.95,1,0,0.0085,1,0.4762,1,21,9,0.3016,0.7672,-0.6848,0.2357,1,0,0.4286,0.8571,1
J615046MV_5261_chk_3_20260406202438_QAHOT.itf|D63K3U5800077|TATPG_DKTCOREFUSA_VMIN_K_CHKCOREF1_STF_CORE_VMIN_F1_COMP_IE_PRF|scn_c_dkt_f1_chkcore_sEs_edt_awt_core0_3mclk_tatpg_exbypdfrftop_list|0,speed_limit,speed_limit,mixed,1.0000,rule_ml_disagree,C:\Scripts\shmoo_parser\test_data\test_small\J615046MV_5261_chk_3_20260406202438_QAHOT.itf,D63K3U5800077,TATPG_DKTCOREFUSA_VMIN_K_CHKCOREF1_STF_CORE_VMIN_F1_COMP_IE_PRF,scn_c_dkt_f1_chkcore_sEs_edt_awt_core0_3mclk_tatpg_exbypdfrftop_list,,Vmin Found: 0.540V,21,9,0.6508,0.3535,0.9778,0.4881,0.781,0.7818,0.597,0.4603,0.8413,0.6508,0.0682,0.5818,0.95,1,0,0,1,0.5238,1,21,9,0.3651,0.7143,-0.6242,0.2929,1,0,0.4286,0.9048,1
